dataset,2DDDTW,2DDLCSS,2DDTW,2DLCSS,ACF,CC,CDM,CDTW,CID,CORT,DLCSSDTW,DDLCSSDTW,DDDTW,DDED,DDLCSS,DDTW,DED,DLCSS,DTW,DTWc,ED,EDR,ERP,FC,GLK,HDTW,IDDTW,IDTW,Inf,IP,ISD,LCSS,LLR_DLS,LLR_LK,LNP,MAN,MIN,MPdist,NCD,NP,P,PACF,PC2,PDC,PIC,SAX,SDTW,shapeDTWHOG1D,shapeDTWRawSub,STS,TAM,TDCDTW,TDHDTW,TDSDTW,TQ
ACSF1,0.63,0.19,0.59,0.19,0.69,0.52,0.25,0.68,0.54,0.54,0.64,0.63,0.63,0.54,0.19,0.63,0.54,0.19,0.64,0.62,0.54,0.67,0.84,0.53,0.58,0.61,0.63,0.34,0.33,0.65,0.63,0.17,0.71,0.71,0.48,0.84,0.44,0.71,0.42,0.64,0.64,0.66,0.54,0.84,0.56,0.05,0.71,0.73,0.74,0.54,0.33,0.66,0.62,0.66,0.21
Adiac,0.701,0.425,0.376,0.338,0.56,0.619,0.074,0.614,0.627,0.604,0.604,0.696,0.701,0.624,0.143,0.588,0.581,0.143,0.604,0.609,0.611,0.414,0.621,0.611,0.189,0.555,0.606,0.358,0.616,0.56,0.238,0.028,0.371,0.371,0.315,0.598,0.619,0.642,0.072,0.491,0.491,0.545,0.611,0.097,0.164,0.026,0.611,0.731,0.665,0.581,0.604,0.614,0.624,0.616,0.238
AllGestureWiimoteX,0.726,0.674,0.421,0.326,0.444,0.376,0.116,0.524,0.526,0.47,0.75,0.75,0.727,0.516,0.613,0.591,0.301,0.446,0.716,0.717,0.516,0.496,0.69,0.516,0.25,0.684,0.716,0.523,0.367,0.409,0.323,0.65,0.324,0.324,0.236,0.549,0.486,0.647,0.151,0.454,0.454,0.254,0.516,0.189,0.171,0.307,0.543,0.699,0.743,0.301,0.291,0.716,0.716,0.737,0.36
AllGestureWiimoteY,0.747,0.713,0.434,0.237,0.44,0.499,0.136,0.576,0.551,0.529,0.753,0.753,0.747,0.546,0.714,0.621,0.296,0.46,0.729,0.73,0.569,0.58,0.697,0.569,0.189,0.704,0.734,0.54,0.433,0.427,0.307,0.696,0.313,0.313,0.207,0.584,0.537,0.707,0.203,0.506,0.506,0.293,0.569,0.143,0.166,0.293,0.583,0.735,0.761,0.296,0.277,0.743,0.741,0.739,0.409
AllGestureWiimoteZ,0.643,0.574,0.386,0.223,0.421,0.389,0.129,0.52,0.487,0.409,0.647,0.65,0.643,0.453,0.567,0.553,0.22,0.457,0.643,0.651,0.454,0.507,0.56,0.454,0.231,0.627,0.653,0.476,0.309,0.45,0.311,0.571,0.313,0.313,0.211,0.483,0.421,0.557,0.16,0.503,0.503,0.34,0.454,0.16,0.214,0.296,0.516,0.7,0.647,0.22,0.293,0.677,0.643,0.659,0.3
ArrowHead,0.789,0.811,0.371,0.577,0.714,0.806,0.314,0.697,0.829,0.783,0.72,0.806,0.789,0.8,0.811,0.72,0.594,0.811,0.703,0.8,0.8,0.749,0.771,0.8,0.594,0.629,0.743,0.617,0.823,0.789,0.589,0.423,0.634,0.634,0.646,0.794,0.811,0.8,0.343,0.766,0.766,0.589,0.8,0.486,0.423,0.514,0.76,0.823,0.806,0.594,0.737,0.783,0.737,0.817,0.566
Beef,0.7,0.7,0.633,0.6,0.433,0.633,0.233,0.667,0.633,0.667,0.633,0.667,0.667,0.667,0.7,0.667,0.7,0.7,0.633,0.667,0.667,0.7,0.6,0.667,0.367,0.667,0.633,0.5,0.7,0.467,0.367,0.333,0.4,0.4,0.667,0.633,0.667,0.7,0.233,0.433,0.433,0.533,0.667,0.333,0.467,0.3,0.667,0.733,0.6,0.7,0.5,0.633,0.667,0.667,0.433
BeetleFly,0.65,0.95,0.75,0.6,0.6,0.65,0.5,0.5,0.7,0.65,0.7,0.8,0.65,0.6,0.8,0.65,0.65,0.8,0.7,0.7,0.75,0.7,0.7,0.75,0.45,0.7,0.7,0.6,0.65,0.9,0.5,0.65,0.5,0.5,0.75,0.65,0.75,0.65,0.45,0.75,0.75,0.65,0.75,0.35,0.5,0.8,0.6,0.8,0.7,0.65,0.8,0.75,0.7,0.65,0.85
BirdChicken,0.85,1.0,0.6,0.85,0.85,0.6,0.55,0.65,0.65,0.55,0.75,0.75,0.85,0.6,1.0,0.8,0.55,1.0,0.75,0.7,0.55,0.9,0.8,0.55,0.95,0.8,0.75,0.65,0.65,0.85,0.95,0.75,0.85,0.85,0.95,0.6,0.55,0.8,0.6,0.75,0.75,0.55,0.55,0.75,0.6,0.65,0.8,0.95,0.75,0.55,0.7,0.75,0.75,0.75,0.55
BME,0.993,0.953,1.0,0.973,0.567,0.647,0.507,0.853,0.927,0.813,0.967,0.967,0.993,0.833,0.92,1.0,0.747,0.96,0.9,0.98,0.833,0.8,0.9,0.833,0.567,0.993,0.973,0.853,0.76,0.687,0.627,0.887,0.633,0.633,0.52,0.853,0.84,0.873,0.487,0.68,0.68,0.547,0.833,0.38,0.567,0.693,0.847,1.0,0.967,0.747,0.687,0.967,0.98,0.96,0.813
Car,0.8,0.833,0.55,0.683,0.383,0.733,0.183,0.65,0.733,0.75,0.733,0.767,0.8,0.733,0.817,0.7,0.667,0.833,0.733,0.767,0.733,0.883,0.783,0.733,0.483,0.683,0.683,0.583,0.717,0.683,0.583,0.433,0.433,0.433,0.433,0.717,0.733,0.783,0.217,0.55,0.55,0.333,0.733,0.467,0.3,0.4,0.717,0.867,0.883,0.667,0.8,0.733,0.733,0.7,0.65
CBF,0.997,0.988,0.468,0.593,0.684,0.741,0.589,0.974,0.984,0.794,0.997,0.997,0.997,0.852,0.988,0.547,0.34,0.602,0.997,0.996,0.852,0.94,0.998,0.849,0.551,1.0,0.997,0.989,0.422,0.62,0.567,0.96,0.582,0.582,0.484,0.889,0.801,0.956,0.593,0.688,0.688,0.412,0.852,0.394,0.501,0.791,0.941,0.92,0.984,0.34,0.992,0.997,0.997,0.997,0.68
Chinatown,0.948,0.852,0.846,0.771,0.86,0.956,0.609,0.959,0.959,0.962,0.957,0.948,0.948,0.954,0.71,0.893,0.899,0.713,0.957,0.953,0.953,0.962,0.968,0.953,0.778,0.919,0.959,0.957,0.918,0.889,0.805,0.275,0.857,0.857,0.79,0.968,0.945,0.962,0.612,0.843,0.843,0.843,0.953,0.598,0.732,0.557,0.945,0.899,0.968,0.901,0.901,0.948,0.959,0.948,0.522
ChlorineConcentration,0.722,0.561,0.731,0.559,0.578,0.648,0.472,0.648,0.649,0.652,0.648,0.71,0.708,0.723,0.502,0.713,0.723,0.507,0.648,0.65,0.65,0.632,0.626,0.649,0.424,0.621,0.642,0.553,0.658,0.577,0.622,0.385,0.649,0.649,0.714,0.627,0.668,0.653,0.474,0.613,0.613,0.706,0.65,0.621,0.435,0.414,0.649,0.645,0.645,0.723,0.593,0.649,0.641,0.65,0.547
CinCECGTorso,0.722,0.929,0.651,0.806,0.514,0.875,0.42,0.852,0.916,0.907,0.929,0.929,0.725,0.901,0.929,0.725,0.786,0.975,0.651,0.93,0.897,0.814,0.959,0.897,0.871,0.692,0.651,0.564,0.797,0.636,0.888,0.929,0.733,0.733,0.914,0.944,0.871,0.717,0.519,0.813,0.813,0.846,0.897,0.986,0.622,0.69,0.846,0.791,0.752,0.786,0.804,0.8,0.696,0.783,0.693
Coffee,1.0,0.929,0.786,0.857,0.929,1.0,0.536,1.0,1.0,1.0,1.0,1.0,1.0,1.0,0.929,0.929,0.929,0.929,1.0,1.0,1.0,0.964,0.929,1.0,0.75,1.0,1.0,0.857,1.0,1.0,0.821,0.536,0.857,0.857,0.786,0.964,1.0,0.929,0.571,0.929,0.929,1.0,1.0,0.571,0.857,0.536,1.0,0.964,0.964,0.929,0.821,1.0,1.0,1.0,0.679
Computers,0.68,0.588,0.668,0.54,0.588,0.52,0.644,0.52,0.596,0.536,0.696,0.712,0.716,0.512,0.588,0.66,0.516,0.608,0.7,0.62,0.576,0.696,0.584,0.576,0.592,0.62,0.664,0.516,0.54,0.568,0.584,0.528,0.564,0.564,0.664,0.588,0.54,0.584,0.62,0.572,0.572,0.548,0.576,0.664,0.504,0.492,0.548,0.644,0.6,0.516,0.576,0.7,0.668,0.7,0.5
CricketX,0.754,0.723,0.426,0.249,0.469,0.418,0.162,0.608,0.628,0.526,0.795,0.813,0.754,0.577,0.723,0.572,0.141,0.415,0.754,0.772,0.577,0.579,0.741,0.574,0.313,0.744,0.754,0.423,0.331,0.503,0.315,0.718,0.362,0.362,0.31,0.631,0.5,0.644,0.162,0.592,0.592,0.315,0.577,0.121,0.246,0.521,0.633,0.792,0.779,0.141,0.736,0.754,0.774,0.754,0.5
CricketY,0.759,0.713,0.315,0.246,0.392,0.441,0.144,0.559,0.579,0.587,0.751,0.774,0.777,0.567,0.713,0.518,0.164,0.446,0.744,0.759,0.567,0.592,0.746,0.567,0.218,0.721,0.744,0.505,0.385,0.462,0.254,0.708,0.29,0.29,0.231,0.633,0.531,0.656,0.138,0.531,0.531,0.233,0.567,0.131,0.2,0.482,0.561,0.774,0.774,0.164,0.731,0.744,0.759,0.744,0.467
CricketZ,0.774,0.705,0.428,0.292,0.5,0.421,0.156,0.661,0.595,0.556,0.756,0.764,0.774,0.587,0.733,0.52,0.205,0.369,0.754,0.746,0.587,0.605,0.746,0.587,0.292,0.746,0.756,0.444,0.349,0.482,0.349,0.721,0.346,0.346,0.29,0.659,0.546,0.636,0.154,0.613,0.613,0.318,0.587,0.133,0.213,0.538,0.644,0.792,0.795,0.205,0.741,0.774,0.769,0.736,0.518
Crop,0.691,0.702,0.568,0.585,0.595,0.679,0.614,0.657,0.718,0.727,0.684,0.701,0.691,0.721,0.691,0.639,0.706,0.651,0.665,0.712,0.712,0.632,0.688,0.712,0.129,0.643,0.674,0.595,0.68,0.517,0.436,0.38,0.481,0.481,0.534,0.708,0.709,0.712,0.755,0.544,0.544,0.619,0.712,0.272,0.595,0.294,0.673,0.662,0.7,0.706,0.628,0.688,0.674,0.694,0.555
DiatomSizeReduction,0.967,0.882,0.895,0.886,0.918,0.931,0.31,0.915,0.935,0.938,0.967,0.967,0.967,0.935,0.882,0.931,0.889,0.882,0.967,0.935,0.935,0.958,0.941,0.935,0.742,0.944,0.967,0.863,0.964,0.935,0.778,0.301,0.556,0.556,0.745,0.928,0.944,0.908,0.301,0.935,0.935,0.882,0.935,0.654,0.608,0.265,0.938,0.931,0.961,0.889,0.908,0.967,0.967,0.967,0.879
DistalPhalanxOutlineAgeGroup,0.705,0.611,0.64,0.583,0.705,0.619,0.388,0.633,0.633,0.633,0.77,0.705,0.705,0.655,0.684,0.619,0.604,0.676,0.77,0.626,0.626,0.719,0.727,0.633,0.511,0.698,0.669,0.59,0.633,0.626,0.647,0.619,0.683,0.683,0.583,0.676,0.633,0.762,0.424,0.64,0.64,0.554,0.626,0.597,0.619,0.424,0.669,0.705,0.662,0.604,0.676,0.669,0.712,0.698,0.64
DistalPhalanxOutlineCorrect,0.732,0.728,0.692,0.703,0.736,0.717,0.572,0.725,0.714,0.721,0.717,0.736,0.732,0.743,0.725,0.725,0.746,0.728,0.717,0.725,0.717,0.688,0.732,0.717,0.634,0.75,0.714,0.652,0.649,0.707,0.714,0.601,0.663,0.663,0.688,0.743,0.699,0.757,0.576,0.685,0.685,0.707,0.717,0.529,0.609,0.533,0.736,0.757,0.71,0.746,0.692,0.736,0.732,0.736,0.641
DistalPhalanxTW,0.611,0.568,0.561,0.518,0.547,0.619,0.237,0.648,0.626,0.612,0.59,0.611,0.611,0.568,0.568,0.547,0.54,0.568,0.59,0.633,0.633,0.633,0.633,0.633,0.489,0.669,0.604,0.583,0.583,0.554,0.525,0.504,0.554,0.554,0.496,0.626,0.604,0.722,0.266,0.547,0.547,0.54,0.633,0.504,0.561,0.259,0.626,0.59,0.633,0.54,0.547,0.604,0.633,0.597,0.568
DodgerLoopDay,0.412,0.562,0.238,0.238,0.275,0.525,0.112,0.575,0.5,0.425,0.5,0.5,0.512,0.538,0.488,0.212,0.162,0.288,0.5,0.588,0.55,0.512,0.688,0.538,0.188,0.538,0.5,0.5,0.35,0.288,0.188,0.5,0.2,0.2,0.162,0.575,0.512,0.488,0.125,0.488,0.488,0.212,0.55,0.212,0.15,0.412,0.6,0.375,0.6,0.162,0.512,0.575,0.562,0.675,0.412
DodgerLoopGame,0.877,0.899,0.558,0.58,0.652,0.877,0.478,0.87,0.891,0.826,0.913,0.913,0.877,0.884,0.899,0.565,0.507,0.638,0.877,0.928,0.884,0.746,0.935,0.891,0.587,0.906,0.87,0.804,0.848,0.58,0.507,0.884,0.529,0.529,0.529,0.884,0.891,0.775,0.478,0.833,0.833,0.601,0.884,0.471,0.594,0.812,0.906,0.819,0.92,0.507,0.848,0.87,0.899,0.906,0.725
DodgerLoopWeekend,0.942,0.986,0.804,0.681,0.942,0.993,0.739,0.978,0.986,0.978,0.986,0.986,0.942,0.986,0.986,0.768,0.725,0.775,0.949,0.978,0.986,0.949,0.986,0.986,0.565,0.971,0.964,0.928,0.913,0.768,0.536,0.986,0.63,0.63,0.551,0.986,0.978,0.899,0.739,0.92,0.92,0.688,0.986,0.413,0.63,0.964,0.978,0.928,0.978,0.725,0.957,0.978,0.949,0.971,0.978
Earthquakes,0.741,0.741,0.741,0.705,0.669,0.748,0.683,0.734,0.691,0.662,0.719,0.705,0.705,0.727,0.741,0.705,0.302,0.741,0.719,0.727,0.712,0.698,0.712,0.712,0.583,0.698,0.705,0.691,0.612,0.669,0.626,0.684,0.64,0.64,0.712,0.712,0.683,0.733,0.683,0.619,0.619,0.669,0.712,0.691,0.655,0.612,0.691,0.626,0.698,0.302,0.662,0.698,0.712,0.719,0.669
ECG200,0.84,0.87,0.82,0.7,0.74,0.89,0.59,0.84,0.89,0.88,0.88,0.88,0.83,0.9,0.89,0.87,0.85,0.83,0.77,0.88,0.88,0.84,0.85,0.88,0.8,0.81,0.81,0.78,0.87,0.8,0.85,0.88,0.84,0.84,0.81,0.89,0.89,0.86,0.63,0.78,0.78,0.8,0.88,0.62,0.76,0.7,0.92,0.9,0.86,0.85,0.86,0.84,0.8,0.91,0.78
ECG5000,0.923,0.926,0.903,0.91,0.909,0.92,0.749,0.926,0.928,0.93,0.926,0.924,0.924,0.924,0.934,0.923,0.923,0.93,0.924,0.925,0.925,0.927,0.933,0.925,0.823,0.922,0.924,0.897,0.921,0.912,0.884,0.934,0.888,0.888,0.898,0.926,0.926,0.931,0.76,0.913,0.913,0.881,0.925,0.646,0.693,0.882,0.922,0.929,0.93,0.923,0.918,0.924,0.924,0.924,0.894
ECGFiveDays,0.769,0.944,0.627,0.609,0.994,0.828,0.501,0.826,0.782,0.762,0.856,0.856,0.769,0.797,0.944,0.657,0.617,0.79,0.768,0.797,0.797,0.768,0.807,0.798,0.724,0.797,0.788,0.727,0.711,0.97,0.744,0.943,0.826,0.826,0.833,0.785,0.793,0.965,0.499,0.999,0.999,0.771,0.797,0.617,0.684,0.544,0.788,0.943,0.921,0.617,0.775,0.83,0.789,0.807,0.774
ElectricDevices,0.6,0.588,0.536,0.535,0.559,0.463,0.442,0.58,0.558,0.538,0.622,0.617,0.596,0.551,0.579,0.548,0.473,0.519,0.599,0.619,0.549,0.615,0.693,0.551,0.283,0.598,0.644,0.614,0.442,0.54,0.537,0.575,0.544,0.545,0.517,0.57,0.492,0.462,0.615,0.544,0.545,0.537,0.549,0.283,0.468,0.195,0.593,0.632,0.612,0.47,0.525,0.607,0.618,0.619,0.468
EOGHorizontalSignal,0.539,0.439,0.334,0.133,0.224,0.315,0.094,0.403,0.442,0.406,0.508,0.536,0.544,0.423,0.47,0.505,0.271,0.276,0.503,0.475,0.417,0.359,0.464,0.417,0.182,0.492,0.511,0.34,0.293,0.262,0.21,0.395,0.218,0.218,0.229,0.436,0.378,0.467,0.119,0.26,0.26,0.21,0.417,0.077,0.21,0.204,0.39,0.536,0.55,0.271,0.376,0.511,0.528,0.508,0.235
EOGVerticalSignal,0.525,0.453,0.193,0.122,0.207,0.273,0.083,0.379,0.409,0.439,0.503,0.53,0.525,0.442,0.464,0.472,0.199,0.224,0.448,0.475,0.442,0.301,0.472,0.442,0.157,0.436,0.467,0.282,0.34,0.227,0.177,0.472,0.163,0.163,0.18,0.45,0.423,0.478,0.113,0.251,0.251,0.116,0.442,0.116,0.116,0.218,0.401,0.497,0.464,0.199,0.315,0.5,0.481,0.495,0.24
EthanolLevel,0.302,0.324,0.308,0.324,0.254,0.278,0.248,0.288,0.278,0.28,0.276,0.31,0.31,0.304,0.298,0.31,0.306,0.298,0.276,0.282,0.274,0.284,0.29,0.274,0.226,0.298,0.28,0.266,0.272,0.262,0.258,0.256,0.244,0.244,0.322,0.304,0.266,0.538,0.274,0.268,0.268,0.25,0.274,0.242,0.232,0.23,0.276,0.286,0.3,0.306,0.262,0.276,0.284,0.272,0.292
FaceAll,0.896,0.798,0.769,0.837,0.662,0.629,0.09,0.634,0.731,0.785,0.786,0.786,0.902,0.714,0.776,0.866,0.715,0.798,0.808,0.808,0.714,0.756,0.798,0.714,0.414,0.767,0.807,0.756,0.662,0.583,0.444,0.756,0.46,0.46,0.486,0.721,0.766,0.741,0.09,0.668,0.668,0.682,0.714,0.125,0.392,0.544,0.711,0.762,0.783,0.715,0.791,0.805,0.797,0.804,0.687
FaceFour,0.829,0.818,0.614,0.67,0.534,0.693,0.159,0.648,0.807,0.773,0.818,0.818,0.829,0.784,0.818,0.591,0.523,0.864,0.829,0.886,0.784,0.955,0.898,0.784,0.42,0.829,0.829,0.761,0.545,0.591,0.489,0.818,0.477,0.477,0.568,0.841,0.727,0.943,0.341,0.659,0.659,0.443,0.784,0.466,0.307,0.784,0.636,0.909,0.898,0.523,0.852,0.829,0.852,0.829,0.875
FacesUCR,0.906,0.915,0.744,0.723,0.743,0.731,0.116,0.716,0.765,0.742,0.926,0.926,0.904,0.769,0.917,0.844,0.645,0.857,0.905,0.912,0.769,0.889,0.957,0.769,0.453,0.918,0.902,0.842,0.591,0.585,0.485,0.9,0.491,0.491,0.486,0.801,0.732,0.887,0.112,0.775,0.775,0.595,0.769,0.154,0.352,0.621,0.702,0.919,0.966,0.645,0.934,0.911,0.917,0.903,0.745
FiftyWords,0.76,0.749,0.58,0.635,0.273,0.604,0.051,0.556,0.664,0.613,0.76,0.771,0.754,0.631,0.734,0.697,0.516,0.699,0.69,0.758,0.631,0.769,0.734,0.631,0.222,0.661,0.734,0.503,0.525,0.334,0.266,0.684,0.193,0.193,0.284,0.668,0.602,0.695,0.046,0.4,0.4,0.325,0.631,0.099,0.255,0.58,0.58,0.758,0.798,0.516,0.754,0.694,0.71,0.714,0.574
Fish,0.943,0.943,0.537,0.611,0.4,0.789,0.177,0.743,0.783,0.794,0.829,0.937,0.943,0.806,0.92,0.926,0.811,0.926,0.823,0.846,0.783,0.943,0.88,0.783,0.286,0.697,0.789,0.497,0.794,0.714,0.337,0.149,0.297,0.297,0.411,0.794,0.8,0.903,0.16,0.634,0.634,0.549,0.783,0.269,0.246,0.183,0.789,0.949,0.949,0.811,0.863,0.8,0.857,0.823,0.4
FordA,0.774,0.869,0.774,0.865,0.908,0.661,0.892,0.755,0.786,0.709,0.724,0.757,0.723,0.68,0.847,0.723,0.68,0.847,0.555,0.691,0.665,0.552,0.592,0.665,0.949,0.582,0.624,0.61,0.636,0.928,0.964,0.724,0.881,0.881,0.954,0.684,0.663,0.723,0.894,0.824,0.824,0.867,0.665,0.676,0.756,0.634,0.739,0.768,0.723,0.68,0.604,0.752,0.583,0.742,0.65
FordB,0.678,0.73,0.657,0.747,0.741,0.567,0.505,0.606,0.633,0.619,0.646,0.669,0.667,0.59,0.706,0.652,0.59,0.721,0.62,0.607,0.606,0.581,0.619,0.606,0.774,0.599,0.61,0.579,0.568,0.79,0.781,0.646,0.731,0.731,0.709,0.601,0.595,0.652,0.511,0.669,0.669,0.681,0.606,0.585,0.642,0.533,0.622,0.683,0.656,0.59,0.601,0.631,0.605,0.612,0.546
FreezerRegularTrain,0.912,0.665,0.891,0.576,0.839,0.804,0.543,0.828,0.808,0.795,0.899,0.897,0.903,0.805,0.665,0.907,0.683,0.595,0.899,0.907,0.805,0.979,0.911,0.805,0.599,0.97,0.925,0.918,0.725,0.88,0.854,0.601,0.843,0.843,0.721,0.911,0.777,0.967,0.518,0.845,0.845,0.798,0.805,0.512,0.652,0.658,0.818,0.999,0.95,0.683,0.905,0.83,0.968,0.899,0.682
FreezerSmallTrain,0.835,0.712,0.832,0.668,0.703,0.674,0.511,0.675,0.676,0.677,0.759,0.825,0.835,0.677,0.712,0.851,0.597,0.688,0.759,0.676,0.676,0.737,0.704,0.676,0.663,0.819,0.756,0.693,0.691,0.802,0.764,0.667,0.749,0.749,0.601,0.703,0.674,0.975,0.493,0.684,0.684,0.716,0.676,0.53,0.672,0.68,0.677,0.969,0.751,0.597,0.785,0.715,0.811,0.736,0.682
Fungi,0.839,0.833,0.457,0.86,0.968,0.839,0.22,0.806,0.844,0.79,0.839,0.839,0.839,0.823,0.833,0.694,0.726,0.903,0.839,0.823,0.823,0.978,0.968,0.823,0.409,0.887,0.839,0.806,0.737,0.817,0.435,0.833,0.392,0.392,0.392,0.871,0.806,0.118,0.237,0.962,0.962,0.683,0.823,0.065,0.441,0.672,0.796,0.979,0.995,0.726,0.79,0.839,0.839,0.839,0.833
GestureMidAirD1,0.631,0.654,0.169,0.177,0.208,0.431,0.085,0.415,0.562,0.546,0.615,0.615,0.631,0.577,0.669,0.5,0.346,0.531,0.569,0.639,0.577,0.569,0.585,0.577,0.054,0.561,0.585,0.377,0.346,0.369,0.162,0.561,0.185,0.185,0.246,0.538,0.531,0.6,0.092,0.385,0.385,0.323,0.577,0.223,0.131,0.254,0.5,0.692,0.639,0.346,0.562,0.615,0.615,0.639,0.469
GestureMidAirD2,0.608,0.385,0.223,0.285,0.246,0.515,0.054,0.554,0.523,0.4,0.6,0.6,0.608,0.492,0.369,0.369,0.361,0.238,0.608,0.6,0.492,0.569,0.546,0.492,0.115,0.446,0.608,0.392,0.308,0.415,0.2,0.277,0.331,0.331,0.408,0.515,0.454,0.592,0.069,0.408,0.408,0.208,0.492,0.185,0.146,0.223,0.539,0.515,0.6,0.362,0.477,0.569,0.608,0.608,0.246
GestureMidAirD3,0.323,0.377,0.123,0.138,0.085,0.231,0.069,0.292,0.369,0.323,0.369,0.369,0.323,0.323,0.377,0.208,0.285,0.246,0.323,0.377,0.346,0.292,0.346,0.346,0.092,0.262,0.331,0.246,0.215,0.146,0.108,0.361,0.138,0.138,0.123,0.369,0.292,0.331,0.085,0.208,0.208,0.077,0.346,0.177,0.046,0.223,0.3,0.346,0.323,0.285,0.254,0.354,0.346,0.331,0.292
GesturePebbleZ1,0.791,0.884,0.186,0.221,0.401,0.628,0.221,0.767,0.634,0.401,0.872,0.872,0.791,0.733,0.872,0.186,0.163,0.221,0.791,0.826,0.733,0.808,0.895,0.733,0.25,0.849,0.785,0.727,0.209,0.442,0.273,0.872,0.32,0.32,0.198,0.866,0.465,0.907,0.221,0.744,0.744,0.203,0.733,0.372,0.151,0.692,0.826,0.593,0.942,0.163,0.814,0.802,0.889,0.808,0.744
GesturePebbleZ2,0.671,0.81,0.196,0.165,0.418,0.582,0.342,0.69,0.684,0.373,0.728,0.728,0.671,0.671,0.835,0.24,0.152,0.26,0.671,0.779,0.671,0.791,0.791,0.671,0.234,0.772,0.709,0.576,0.158,0.411,0.215,0.835,0.291,0.291,0.165,0.747,0.475,0.842,0.367,0.639,0.639,0.158,0.671,0.291,0.165,0.544,0.715,0.563,0.854,0.152,0.709,0.753,0.798,0.734,0.646
GunPoint,0.98,0.967,0.92,0.927,0.92,0.913,0.487,0.9,0.927,0.927,0.913,0.987,0.98,0.913,0.94,0.987,0.913,0.94,0.907,0.913,0.913,0.967,0.96,0.913,0.787,0.893,0.887,0.907,0.853,0.913,0.773,0.733,0.9,0.9,0.8,0.953,0.88,0.953,0.48,0.893,0.893,0.953,0.913,0.64,0.673,0.667,0.92,0.993,0.987,0.913,0.9,0.933,0.907,0.927,0.807
GunPointAgeSpan,0.991,0.965,0.943,0.896,0.896,0.902,0.712,0.88,0.918,0.905,0.949,0.987,0.991,0.899,0.946,0.981,0.911,0.952,0.918,0.965,0.899,0.984,0.953,0.899,0.848,0.943,0.93,0.93,0.864,0.921,0.88,0.826,0.924,0.924,0.877,0.924,0.889,0.968,0.725,0.899,0.899,0.858,0.899,0.652,0.658,0.845,0.892,0.991,0.978,0.911,0.953,0.924,0.943,0.937,0.848
GunPointMaleVersusFemale,0.997,0.981,0.965,0.952,0.962,0.978,0.88,0.972,0.984,0.975,0.997,0.997,0.997,0.975,0.978,0.965,0.952,0.987,0.997,0.975,0.975,0.994,0.991,0.975,0.835,0.997,0.997,0.915,0.953,0.987,0.854,0.864,0.911,0.911,0.848,0.981,0.968,0.978,0.886,0.984,0.984,0.899,0.975,0.668,0.87,0.889,0.965,0.991,0.997,0.953,0.975,0.997,0.997,0.997,0.949
GunPointOldVersusYoung,0.952,0.987,0.959,0.956,0.898,0.952,0.692,0.952,0.952,0.933,0.94,0.952,0.952,0.898,0.959,0.952,0.873,0.975,0.838,0.965,0.952,0.956,0.968,0.952,0.914,0.987,0.946,0.889,0.867,0.943,0.933,0.733,0.93,0.93,0.94,0.971,0.921,0.94,0.698,0.927,0.927,0.829,0.952,0.851,0.629,0.743,0.943,0.987,0.952,0.873,0.886,0.946,0.959,0.956,0.835
Ham,0.505,0.543,0.438,0.571,0.533,0.61,0.486,0.581,0.514,0.552,0.476,0.476,0.476,0.59,0.543,0.457,0.562,0.495,0.467,0.6,0.6,0.6,0.533,0.6,0.486,0.619,0.476,0.581,0.533,0.514,0.486,0.524,0.467,0.467,0.448,0.514,0.552,0.61,0.543,0.6,0.6,0.457,0.6,0.448,0.543,0.61,0.6,0.543,0.543,0.562,0.571,0.562,0.61,0.533,0.667
HandOutlines,0.873,0.841,0.681,0.695,0.6,0.868,0.57,0.865,0.862,0.862,0.881,0.87,0.868,0.865,0.838,0.732,0.838,0.841,0.881,0.862,0.862,0.878,0.889,0.862,0.616,0.87,0.878,0.811,0.868,0.824,0.622,0.53,0.627,0.627,0.578,0.859,0.854,0.803,0.576,0.819,0.819,0.624,0.862,0.608,0.568,0.608,0.859,0.786,0.873,0.838,0.776,0.865,0.865,0.878,0.865
Haptics,0.399,0.318,0.266,0.276,0.25,0.383,0.214,0.38,0.416,0.416,0.399,0.419,0.399,0.435,0.318,0.289,0.315,0.243,0.377,0.412,0.37,0.39,0.406,0.37,0.26,0.409,0.406,0.318,0.39,0.383,0.26,0.308,0.341,0.341,0.263,0.36,0.39,0.367,0.218,0.347,0.347,0.312,0.37,0.269,0.266,0.315,0.39,0.438,0.425,0.315,0.36,0.406,0.409,0.409,0.377
Herring,0.578,0.531,0.469,0.484,0.516,0.562,0.531,0.453,0.547,0.531,0.594,0.594,0.547,0.516,0.594,0.438,0.484,0.5,0.531,0.531,0.516,0.578,0.531,0.516,0.516,0.516,0.5,0.484,0.5,0.531,0.5,0.594,0.531,0.531,0.422,0.594,0.516,0.594,0.5,0.625,0.625,0.594,0.516,0.484,0.578,0.562,0.562,0.5,0.625,0.484,0.469,0.531,0.609,0.531,0.609
HouseTwenty,0.924,0.899,0.857,0.756,0.866,0.429,0.58,0.857,0.79,0.681,0.924,0.924,0.924,0.664,0.899,0.84,0.42,0.605,0.924,0.941,0.664,0.798,0.882,0.664,0.63,0.882,0.924,0.731,0.454,0.79,0.739,0.891,0.782,0.782,0.824,0.849,0.513,0.723,0.647,0.773,0.773,0.79,0.664,0.681,0.58,0.748,0.815,0.966,0.916,0.42,0.95,0.924,0.924,0.899,0.605
InlineSkate,0.607,0.484,0.509,0.375,0.202,0.331,0.18,0.333,0.371,0.353,0.38,0.525,0.562,0.342,0.385,0.509,0.235,0.376,0.384,0.387,0.342,0.371,0.382,0.342,0.798,0.395,0.384,0.278,0.287,0.338,0.82,0.222,0.353,0.353,0.773,0.353,0.325,0.329,0.171,0.302,0.302,0.475,0.342,0.462,0.34,0.213,0.315,0.371,0.413,0.235,0.355,0.384,0.4,0.384,0.247
InsectEPGRegularTrain,0.928,0.747,0.924,0.518,0.783,0.667,0.602,0.743,0.635,0.695,0.791,0.868,0.908,0.671,0.695,0.948,0.506,0.466,0.872,0.827,0.679,0.759,0.763,0.679,0.904,0.859,0.872,0.715,0.542,0.839,0.9,0.695,0.94,0.94,0.847,0.715,0.659,0.948,0.586,0.683,0.683,0.928,0.679,0.783,0.851,0.606,0.731,0.956,0.872,0.506,0.867,0.872,0.888,0.872,0.647
InsectEPGSmallTrain,0.859,0.671,0.868,0.53,0.755,0.655,0.598,0.727,0.59,0.647,0.735,0.795,0.835,0.663,0.655,0.952,0.482,0.466,0.735,0.695,0.663,0.723,0.723,0.663,0.831,0.795,0.743,0.635,0.546,0.831,0.847,0.679,0.867,0.867,0.839,0.703,0.651,0.948,0.643,0.703,0.703,0.888,0.663,0.695,0.791,0.631,0.615,0.92,0.727,0.482,0.727,0.735,0.735,0.735,0.57
InsectWingbeatSound,0.352,0.576,0.181,0.442,0.426,0.573,0.11,0.431,0.563,0.556,0.58,0.562,0.355,0.564,0.577,0.238,0.51,0.501,0.355,0.585,0.562,0.556,0.483,0.562,0.147,0.389,0.48,0.435,0.539,0.441,0.161,0.577,0.198,0.198,0.205,0.569,0.564,0.504,0.108,0.524,0.524,0.261,0.562,0.136,0.153,0.523,0.455,0.416,0.467,0.51,0.369,0.471,0.408,0.495,0.553
ItalyPowerDemand,0.95,0.933,0.835,0.877,0.916,0.96,0.52,0.951,0.956,0.956,0.95,0.95,0.95,0.955,0.943,0.878,0.973,0.932,0.95,0.955,0.955,0.892,0.942,0.955,0.707,0.925,0.95,0.909,0.948,0.841,0.738,0.792,0.81,0.81,0.75,0.962,0.953,0.963,0.545,0.87,0.87,0.891,0.955,0.651,0.609,0.626,0.948,0.897,0.963,0.973,0.899,0.95,0.95,0.95,0.782
LargeKitchenAppliances,0.803,0.579,0.696,0.408,0.795,0.4,0.301,0.613,0.523,0.397,0.781,0.781,0.795,0.459,0.579,0.739,0.4,0.427,0.795,0.795,0.493,0.52,0.645,0.493,0.56,0.792,0.795,0.576,0.381,0.664,0.563,0.589,0.563,0.563,0.563,0.557,0.437,0.643,0.341,0.739,0.739,0.493,0.493,0.541,0.4,0.392,0.611,0.84,0.816,0.4,0.421,0.795,0.803,0.795,0.424
Lightning2,0.869,0.82,0.541,0.574,0.77,0.607,0.607,0.836,0.754,0.705,0.902,0.902,0.869,0.721,0.82,0.639,0.508,0.541,0.869,0.869,0.754,0.836,0.869,0.754,0.639,0.902,0.869,0.754,0.689,0.754,0.689,0.82,0.623,0.623,0.557,0.82,0.656,0.77,0.623,0.721,0.721,0.639,0.754,0.508,0.525,0.721,0.836,0.885,0.869,0.508,0.738,0.918,0.918,0.902,0.607
Lightning7,0.671,0.548,0.52,0.315,0.521,0.507,0.37,0.74,0.603,0.534,0.712,0.712,0.671,0.562,0.534,0.534,0.315,0.205,0.726,0.712,0.575,0.603,0.712,0.575,0.315,0.671,0.753,0.603,0.452,0.329,0.384,0.575,0.466,0.466,0.37,0.712,0.466,0.658,0.329,0.589,0.589,0.37,0.575,0.205,0.219,0.425,0.726,0.767,0.822,0.315,0.507,0.726,0.726,0.767,0.521
Mallat,0.949,0.94,0.807,0.904,0.467,0.916,0.135,0.927,0.925,0.914,0.941,0.947,0.949,0.914,0.91,0.882,0.852,0.912,0.934,0.914,0.914,0.846,0.925,0.914,0.65,0.885,0.941,0.839,0.879,0.848,0.686,0.541,0.841,0.841,0.741,0.925,0.909,0.888,0.128,0.867,0.867,0.713,0.914,0.593,0.613,0.446,0.92,0.938,0.936,0.852,0.883,0.951,0.934,0.953,0.693
Meat,0.933,0.467,0.5,0.467,0.867,0.933,0.383,0.933,0.933,0.933,0.933,0.933,0.933,0.933,0.383,0.683,0.717,0.383,0.933,0.933,0.933,0.733,0.933,0.933,0.467,0.933,0.933,0.9,0.9,0.95,0.417,0.333,0.467,0.467,0.483,0.933,0.933,0.867,0.4,0.95,0.95,0.717,0.933,0.467,0.683,0.3,0.933,0.9,0.933,0.717,0.883,0.933,0.933,0.933,0.817
MedicalImages,0.737,0.655,0.633,0.55,0.646,0.678,0.337,0.728,0.691,0.686,0.737,0.737,0.737,0.684,0.668,0.659,0.61,0.578,0.737,0.747,0.684,0.659,0.713,0.684,0.586,0.713,0.739,0.632,0.666,0.561,0.603,0.666,0.549,0.549,0.603,0.707,0.675,0.674,0.347,0.563,0.563,0.612,0.684,0.433,0.538,0.466,0.692,0.736,0.746,0.611,0.709,0.747,0.747,0.747,0.511
MelbournePedestrian,0.81,0.685,0.666,0.53,0.75,0.843,0.267,0.813,0.853,0.846,0.818,0.824,0.807,0.844,0.621,0.762,0.815,0.599,0.791,0.816,0.847,0.759,0.816,0.85,0.237,0.787,0.803,0.78,0.81,0.678,0.593,0.231,0.663,0.663,0.64,0.849,0.836,0.848,0.276,0.731,0.731,0.737,0.847,0.205,0.369,0.146,0.824,0.791,0.791,0.815,0.712,0.84,0.81,0.843,0.482
MiddlePhalanxOutlineAgeGroup,0.52,0.39,0.558,0.422,0.481,0.513,0.403,0.513,0.513,0.526,0.5,0.52,0.539,0.526,0.39,0.526,0.532,0.39,0.5,0.52,0.519,0.461,0.5,0.513,0.364,0.539,0.474,0.487,0.584,0.448,0.487,0.571,0.468,0.468,0.539,0.519,0.519,0.748,0.39,0.448,0.448,0.487,0.519,0.403,0.468,0.325,0.487,0.552,0.506,0.532,0.442,0.513,0.494,0.526,0.532
MiddlePhalanxOutlineCorrect,0.739,0.711,0.708,0.66,0.701,0.77,0.529,0.742,0.763,0.777,0.698,0.732,0.704,0.784,0.57,0.749,0.784,0.625,0.698,0.766,0.766,0.691,0.753,0.77,0.598,0.711,0.732,0.704,0.732,0.67,0.608,0.57,0.612,0.612,0.612,0.753,0.749,0.698,0.546,0.694,0.694,0.68,0.766,0.546,0.588,0.512,0.77,0.715,0.763,0.784,0.732,0.742,0.742,0.766,0.557
MiddlePhalanxTW,0.487,0.468,0.5,0.468,0.487,0.506,0.195,0.52,0.5,0.513,0.506,0.48,0.487,0.487,0.461,0.494,0.487,0.461,0.506,0.506,0.513,0.539,0.591,0.506,0.39,0.487,0.513,0.5,0.481,0.461,0.396,0.273,0.429,0.429,0.442,0.552,0.487,0.579,0.195,0.5,0.5,0.494,0.513,0.468,0.409,0.26,0.513,0.513,0.526,0.487,0.481,0.526,0.494,0.52,0.461
MixedShapesRegularTrain,0.966,0.967,0.901,0.824,0.51,0.875,0.232,0.825,0.934,0.868,0.893,0.966,0.967,0.897,0.953,0.96,0.701,0.949,0.842,0.909,0.897,0.892,0.913,0.897,0.806,0.86,0.866,0.765,0.862,0.824,0.83,0.825,0.694,0.694,0.722,0.892,0.894,0.914,0.246,0.723,0.723,0.692,0.897,0.605,0.643,0.808,0.836,0.952,0.871,0.701,0.808,0.889,0.883,0.873,0.807
MixedShapesSmallTrain,0.922,0.921,0.842,0.781,0.438,0.809,0.231,0.739,0.87,0.805,0.8,0.937,0.913,0.833,0.916,0.913,0.606,0.906,0.78,0.833,0.835,0.844,0.852,0.835,0.762,0.794,0.786,0.672,0.797,0.734,0.771,0.821,0.632,0.632,0.696,0.831,0.831,0.866,0.239,0.694,0.694,0.609,0.835,0.55,0.569,0.767,0.729,0.914,0.8,0.606,0.766,0.804,0.82,0.81,0.778
MoteStrain,0.833,0.848,0.62,0.642,0.72,0.806,0.578,0.787,0.788,0.827,0.876,0.871,0.833,0.737,0.848,0.695,0.716,0.73,0.835,0.866,0.879,0.877,0.902,0.879,0.56,0.862,0.781,0.748,0.736,0.547,0.567,0.865,0.569,0.569,0.56,0.866,0.816,0.817,0.583,0.579,0.579,0.574,0.879,0.825,0.538,0.715,0.768,0.89,0.899,0.716,0.884,0.835,0.843,0.839,0.828
NonInvasiveFetalECGThorax1,0.823,0.744,0.395,0.347,0.53,0.83,0.042,0.839,0.837,0.813,0.795,0.807,0.806,0.826,0.628,0.69,0.545,0.624,0.79,0.811,0.829,0.769,0.809,0.829,0.077,0.807,0.799,0.563,0.806,0.759,0.607,0.142,0.6,0.6,0.377,0.809,0.831,0.821,0.048,0.652,0.652,0.694,0.829,0.099,0.399,0.095,0.832,0.781,0.777,0.545,0.729,0.845,0.828,0.837,0.58
NonInvasiveFetalECGThorax2,0.888,0.825,0.578,0.388,0.604,0.878,0.037,0.876,0.879,0.875,0.866,0.893,0.893,0.88,0.785,0.828,0.782,0.778,0.865,0.871,0.88,0.853,0.895,0.88,0.1,0.85,0.87,0.637,0.865,0.816,0.603,0.253,0.507,0.507,0.35,0.875,0.878,0.875,0.04,0.722,0.722,0.785,0.88,0.131,0.43,0.134,0.879,0.86,0.89,0.782,0.769,0.884,0.874,0.88,0.64
OliveOil,0.833,0.167,0.367,0.167,0.767,0.833,0.567,0.867,0.867,0.867,0.833,0.833,0.833,0.867,0.167,0.867,0.833,0.167,0.833,0.867,0.867,0.433,0.833,0.867,0.367,0.867,0.8,0.833,0.833,0.833,0.367,0.167,0.5,0.5,0.367,0.833,0.867,0.9,0.5,0.833,0.833,0.8,0.867,0.5,0.5,0.267,0.867,0.9,0.867,0.833,0.833,0.867,0.833,0.867,0.333
OSULeaf,0.876,0.859,0.74,0.599,0.479,0.533,0.231,0.496,0.562,0.537,0.62,0.905,0.88,0.516,0.826,0.884,0.393,0.859,0.591,0.612,0.521,0.711,0.591,0.521,0.64,0.554,0.599,0.339,0.529,0.645,0.678,0.628,0.653,0.653,0.583,0.545,0.517,0.632,0.26,0.525,0.525,0.525,0.521,0.434,0.339,0.5,0.475,0.868,0.711,0.393,0.756,0.62,0.562,0.599,0.496
PhalangesOutlinesCorrect,0.727,0.745,0.718,0.696,0.711,0.759,0.561,0.749,0.762,0.769,0.728,0.746,0.739,0.79,0.604,0.74,0.79,0.605,0.728,0.761,0.761,0.707,0.751,0.761,0.52,0.725,0.728,0.692,0.728,0.67,0.64,0.64,0.653,0.653,0.678,0.752,0.749,0.718,0.563,0.685,0.685,0.741,0.761,0.545,0.603,0.554,0.763,0.739,0.765,0.79,0.69,0.751,0.73,0.758,0.59
Phoneme,0.268,0.296,0.198,0.183,0.138,0.08,0.069,0.187,0.117,0.119,0.238,0.273,0.269,0.112,0.283,0.245,0.084,0.238,0.228,0.227,0.109,0.19,0.219,0.109,0.21,0.199,0.23,0.166,0.071,0.212,0.23,0.218,0.225,0.225,0.219,0.106,0.084,0.147,0.072,0.126,0.126,0.174,0.109,0.215,0.142,0.039,0.206,0.264,0.239,0.084,0.282,0.245,0.223,0.245,0.051
PickupGestureWiimoteZ,0.62,0.6,0.44,0.24,0.34,0.48,0.08,0.6,0.66,0.48,0.66,0.62,0.68,0.56,0.64,0.46,0.1,0.54,0.66,0.66,0.56,0.64,0.66,0.56,0.24,0.68,0.66,0.62,0.38,0.46,0.34,0.7,0.3,0.3,0.1,0.62,0.48,0.68,0.26,0.64,0.64,0.2,0.56,0.24,0.2,0.4,0.52,0.68,0.72,0.1,0.5,0.7,0.68,0.66,0.42
PigAirwayPressure,0.173,0.183,0.139,0.188,0.087,0.067,0.014,0.091,0.096,0.053,0.101,0.168,0.188,0.058,0.139,0.188,0.029,0.159,0.106,0.096,0.058,0.087,0.091,0.058,0.572,0.067,0.077,0.062,0.058,0.37,0.596,0.087,0.413,0.413,0.567,0.053,0.053,0.861,0.019,0.188,0.188,0.178,0.058,0.341,0.212,0.053,0.087,0.269,0.135,0.029,0.207,0.101,0.096,0.101,0.077
PigArtPressure,0.5,0.817,0.135,0.399,0.659,0.192,0.082,0.048,0.188,0.13,0.26,0.572,0.5,0.12,0.745,0.524,0.077,0.736,0.245,0.197,0.125,0.269,0.221,0.125,0.332,0.284,0.216,0.115,0.115,0.909,0.803,0.26,0.769,0.769,0.846,0.13,0.12,1.0,0.096,0.639,0.639,0.582,0.125,0.591,0.389,0.111,0.038,0.938,0.51,0.077,0.505,0.245,0.274,0.245,0.12
PigCVP,0.231,0.461,0.048,0.125,0.337,0.173,0.024,0.101,0.12,0.101,0.183,0.24,0.231,0.072,0.442,0.188,0.048,0.442,0.154,0.159,0.082,0.154,0.12,0.082,0.462,0.183,0.159,0.077,0.072,0.649,0.663,0.216,0.587,0.587,0.683,0.091,0.082,0.894,0.038,0.649,0.649,0.721,0.082,0.236,0.418,0.091,0.096,0.654,0.418,0.048,0.452,0.149,0.183,0.168,0.072
PLAID,0.838,0.758,0.685,0.678,0.691,0.438,0.317,0.7,0.652,0.499,0.845,0.845,0.838,0.536,0.726,0.678,0.361,0.678,0.838,0.834,0.534,0.754,0.764,0.533,0.264,0.823,0.84,0.577,0.244,0.596,0.533,0.574,0.583,0.583,0.438,0.587,0.482,0.551,0.326,0.641,0.641,0.639,0.534,0.922,0.547,0.333,0.678,0.834,0.76,0.363,0.687,0.838,0.851,0.834,0.475
Plane,1.0,1.0,1.0,1.0,0.962,0.962,0.257,0.971,0.962,0.962,1.0,1.0,1.0,0.962,1.0,1.0,0.971,1.0,1.0,1.0,0.962,1.0,1.0,0.962,0.886,1.0,1.0,0.848,0.962,0.981,0.952,0.809,0.99,0.99,0.943,0.962,0.962,0.99,0.267,0.962,0.962,0.971,0.962,0.495,0.981,0.81,0.962,1.0,1.0,0.971,1.0,1.0,1.0,1.0,0.952
PowerCons,0.861,0.872,0.667,0.733,0.806,0.844,0.7,0.889,0.894,0.9,0.872,0.872,0.861,0.939,0.861,0.722,0.783,0.767,0.878,0.922,0.933,0.867,0.889,0.933,0.689,0.878,0.894,0.856,0.822,0.739,0.822,0.861,0.817,0.817,0.644,0.939,0.878,0.889,0.728,0.778,0.778,0.706,0.933,0.783,0.711,0.872,0.85,0.878,0.889,0.783,0.872,0.883,0.883,0.894,0.828
ProximalPhalanxOutlineAgeGroup,0.8,0.795,0.805,0.785,0.771,0.795,0.346,0.776,0.79,0.795,0.805,0.795,0.8,0.785,0.795,0.795,0.819,0.795,0.805,0.785,0.785,0.761,0.795,0.785,0.541,0.81,0.766,0.761,0.79,0.751,0.776,0.429,0.776,0.776,0.776,0.785,0.805,0.795,0.468,0.776,0.776,0.785,0.785,0.698,0.78,0.459,0.785,0.79,0.766,0.82,0.78,0.781,0.795,0.785,0.673
ProximalPhalanxOutlineCorrect,0.77,0.797,0.777,0.784,0.742,0.804,0.674,0.78,0.808,0.814,0.784,0.794,0.794,0.839,0.684,0.79,0.845,0.636,0.784,0.79,0.808,0.784,0.784,0.804,0.619,0.742,0.773,0.746,0.811,0.742,0.746,0.684,0.784,0.784,0.808,0.784,0.828,0.852,0.698,0.732,0.732,0.845,0.808,0.643,0.698,0.581,0.808,0.794,0.808,0.845,0.722,0.784,0.773,0.784,0.612
ProximalPhalanxTW,0.717,0.751,0.722,0.698,0.668,0.707,0.224,0.688,0.707,0.698,0.756,0.771,0.766,0.751,0.463,0.737,0.756,0.463,0.756,0.756,0.707,0.707,0.702,0.707,0.639,0.751,0.751,0.717,0.678,0.693,0.673,0.01,0.741,0.741,0.634,0.693,0.693,0.715,0.346,0.683,0.683,0.746,0.707,0.654,0.561,0.283,0.702,0.766,0.737,0.756,0.717,0.756,0.756,0.756,0.605
RefrigerationDevices,0.461,0.459,0.411,0.485,0.405,0.379,0.325,0.421,0.411,0.392,0.461,0.469,0.445,0.395,0.461,0.424,0.331,0.389,0.464,0.44,0.395,0.491,0.488,0.395,0.336,0.405,0.464,0.403,0.365,0.461,0.435,0.461,0.4,0.4,0.416,0.459,0.341,0.499,0.325,0.416,0.416,0.387,0.395,0.517,0.411,0.309,0.429,0.493,0.451,0.331,0.475,0.472,0.464,0.491,0.405
Rock,0.92,0.84,0.64,0.56,0.32,0.78,0.38,0.72,0.74,0.82,0.7,0.88,0.92,0.84,0.7,0.92,0.9,0.74,0.6,0.84,0.84,0.66,0.78,0.84,0.56,0.64,0.6,0.46,0.84,0.66,0.56,0.7,0.6,0.6,0.66,0.8,0.84,0.78,0.36,0.56,0.56,0.68,0.84,0.56,0.6,0.82,0.76,0.8,0.76,0.9,0.78,0.76,0.6,0.6,0.56
ScreenType,0.477,0.459,0.507,0.413,0.384,0.296,0.32,0.368,0.413,0.347,0.429,0.456,0.429,0.36,0.456,0.437,0.347,0.459,0.397,0.411,0.36,0.392,0.344,0.36,0.504,0.384,0.419,0.365,0.331,0.456,0.504,0.357,0.533,0.533,0.392,0.36,0.325,0.331,0.363,0.352,0.352,0.379,0.36,0.472,0.397,0.395,0.368,0.475,0.389,0.347,0.36,0.397,0.387,0.384,0.397
SemgHandGenderCh2,0.803,0.455,0.702,0.437,0.602,0.658,0.517,0.748,0.67,0.702,0.797,0.797,0.802,0.762,0.452,0.692,0.413,0.403,0.802,0.845,0.762,0.685,0.772,0.762,0.598,0.878,0.875,0.795,0.695,0.588,0.648,0.468,0.648,0.648,0.575,0.57,0.768,0.762,0.52,0.74,0.74,0.56,0.762,0.51,0.542,0.485,0.755,0.887,0.707,0.413,0.862,0.835,0.865,0.835,0.795
SemgHandMovementCh2,0.582,0.224,0.329,0.213,0.331,0.176,0.242,0.564,0.409,0.304,0.536,0.536,0.582,0.369,0.218,0.362,0.22,0.216,0.584,0.638,0.369,0.329,0.544,0.369,0.216,0.673,0.678,0.569,0.393,0.309,0.302,0.229,0.264,0.264,0.193,0.302,0.442,0.34,0.242,0.502,0.502,0.289,0.369,0.167,0.216,0.304,0.522,0.613,0.313,0.22,0.531,0.633,0.667,0.627,0.458
SemgHandSubjectCh2,0.727,0.304,0.518,0.278,0.467,0.222,0.276,0.693,0.553,0.409,0.727,0.727,0.727,0.404,0.324,0.513,0.222,0.22,0.727,0.8,0.404,0.551,0.749,0.404,0.373,0.851,0.871,0.74,0.536,0.442,0.449,0.324,0.458,0.458,0.258,0.327,0.509,0.404,0.273,0.56,0.56,0.34,0.404,0.182,0.309,0.307,0.696,0.829,0.431,0.222,0.742,0.769,0.851,0.784,0.673
ShakeGestureWiimoteZ,0.86,0.82,0.44,0.52,0.6,0.5,0.12,0.74,0.58,0.6,0.86,0.88,0.86,0.6,0.86,0.66,0.22,0.62,0.86,0.84,0.6,0.8,0.8,0.6,0.24,0.86,0.86,0.62,0.38,0.64,0.42,0.82,0.46,0.46,0.38,0.7,0.58,0.8,0.24,0.68,0.68,0.54,0.6,0.32,0.22,0.38,0.72,0.82,0.88,0.22,0.7,0.86,0.88,0.86,0.54
ShapeletSim,0.606,0.844,0.578,0.728,0.867,0.689,0.656,0.683,0.761,0.478,0.844,0.844,0.611,0.467,0.844,0.567,0.45,0.778,0.65,0.7,0.539,0.728,0.8,0.517,0.794,0.606,0.589,0.528,0.483,0.917,0.906,0.844,0.922,0.922,0.594,0.478,0.5,0.75,0.65,0.722,0.722,0.817,0.539,0.972,0.85,0.539,0.606,0.972,0.672,0.45,0.956,0.694,0.656,0.661,0.617
ShapesAll,0.85,0.87,0.43,0.367,0.367,0.727,0.045,0.68,0.773,0.758,0.803,0.86,0.85,0.752,0.872,0.815,0.53,0.862,0.768,0.802,0.752,0.838,0.817,0.752,0.315,0.753,0.792,0.583,0.718,0.677,0.4,0.525,0.467,0.467,0.332,0.76,0.753,0.788,0.072,0.635,0.635,0.38,0.752,0.318,0.213,0.535,0.687,0.888,0.837,0.53,0.782,0.812,0.79,0.813,0.662
SmallKitchenAppliances,0.64,0.363,0.611,0.387,0.493,0.357,0.523,0.432,0.392,0.307,0.648,0.64,0.64,0.365,0.299,0.637,0.336,0.323,0.643,0.672,0.341,0.397,0.619,0.344,0.32,0.645,0.685,0.635,0.389,0.437,0.488,0.299,0.472,0.472,0.387,0.397,0.325,0.515,0.597,0.4,0.4,0.419,0.341,0.757,0.432,0.301,0.453,0.699,0.637,0.336,0.613,0.651,0.656,0.653,0.541
SmoothSubspace,0.84,0.94,0.66,0.687,0.527,0.673,0.4,0.68,0.86,0.887,0.927,0.927,0.84,0.887,0.893,0.753,0.8,0.773,0.827,0.947,0.907,0.847,0.92,0.907,0.57,0.72,0.853,0.8,0.58,0.327,0.636,0.78,0.635,1.0,0.367,0.96,0.813,0.48,0.4,0.393,0.393,0.5,0.907,0.513,0.427,0.44,0.68,0.773,0.807,0.8,0.913,0.82,0.86,0.827,0.747
SonyAIBORobotSurface1,0.742,0.867,0.777,0.884,0.73,0.499,0.556,0.662,0.815,0.792,0.709,0.709,0.742,0.696,0.709,0.749,0.684,0.825,0.726,0.696,0.696,0.681,0.782,0.696,0.849,0.74,0.724,0.729,0.687,0.775,0.879,0.709,0.83,0.83,0.72,0.687,0.712,0.694,0.561,0.606,0.606,0.684,0.696,0.509,0.73,0.617,0.626,0.807,0.739,0.684,0.77,0.684,0.721,0.726,0.612
SonyAIBORobotSurface2,0.892,0.877,0.915,0.859,0.774,0.757,0.591,0.806,0.877,0.856,0.831,0.89,0.892,0.835,0.836,0.892,0.832,0.879,0.831,0.859,0.859,0.813,0.839,0.859,0.788,0.798,0.828,0.803,0.783,0.873,0.86,0.836,0.877,0.877,0.821,0.868,0.839,0.867,0.572,0.793,0.793,0.767,0.859,0.629,0.839,0.814,0.831,0.826,0.864,0.832,0.823,0.819,0.815,0.831,0.831
StarLightCurves,0.962,0.961,0.916,0.93,0.919,0.837,0.744,0.897,0.943,0.835,0.905,0.963,0.962,0.849,0.944,0.962,0.761,0.942,0.907,0.905,0.849,0.875,0.865,0.849,0.356,0.903,0.909,0.862,0.841,0.929,0.826,0.827,0.78,0.78,0.765,0.853,0.847,0.863,0.656,0.854,0.854,0.799,0.849,0.744,0.456,0.8,0.879,0.95,0.868,0.761,0.742,0.904,0.915,0.904,0.821
Strawberry,0.951,0.73,0.927,0.7,0.819,0.946,0.532,0.943,0.943,0.938,0.94,0.957,0.954,0.954,0.643,0.957,0.954,0.632,0.94,0.946,0.946,0.897,0.935,0.946,0.778,0.949,0.943,0.897,0.911,0.927,0.819,0.643,0.884,0.884,0.849,0.949,0.938,0.949,0.535,0.908,0.908,0.922,0.946,0.662,0.778,0.516,0.946,0.954,0.938,0.954,0.949,0.943,0.943,0.946,0.897
SwedishLeaf,0.901,0.894,0.781,0.77,0.752,0.749,0.131,0.771,0.877,0.806,0.798,0.899,0.901,0.789,0.835,0.882,0.558,0.835,0.792,0.846,0.789,0.859,0.88,0.789,0.618,0.805,0.826,0.546,0.712,0.883,0.73,0.291,0.734,0.734,0.72,0.789,0.778,0.81,0.134,0.773,0.773,0.614,0.789,0.363,0.546,0.253,0.774,0.915,0.872,0.558,0.741,0.872,0.85,0.877,0.555
Symbols,0.953,0.968,0.587,0.236,0.833,0.897,0.243,0.763,0.916,0.882,0.95,0.947,0.953,0.813,0.962,0.975,0.785,0.962,0.95,0.938,0.899,0.941,0.939,0.899,0.563,0.969,0.95,0.823,0.85,0.806,0.62,0.793,0.851,0.851,0.533,0.904,0.892,0.916,0.312,0.894,0.894,0.731,0.899,1.0,0.278,0.662,0.769,0.961,0.969,0.785,0.963,0.95,0.959,0.95,0.772
SyntheticControl,0.993,0.94,0.303,0.363,0.633,0.52,0.163,0.937,0.95,0.743,0.987,0.987,0.993,0.88,0.94,0.5,0.347,0.517,0.993,0.983,0.88,0.813,0.967,0.887,0.613,0.967,0.993,0.967,0.813,0.49,0.663,0.94,0.663,0.663,0.55,0.88,0.88,0.917,0.177,0.637,0.637,0.547,0.88,0.43,0.523,0.75,0.957,0.847,0.927,0.347,0.947,0.997,0.993,0.993,0.85
ToeSegmentation1,0.807,0.763,0.614,0.583,0.794,0.61,0.61,0.724,0.693,0.645,0.763,0.763,0.807,0.601,0.763,0.807,0.588,0.833,0.772,0.75,0.68,0.798,0.785,0.68,0.658,0.772,0.737,0.702,0.583,0.868,0.658,0.763,0.702,0.702,0.618,0.719,0.658,0.899,0.61,0.789,0.789,0.825,0.68,0.605,0.601,0.667,0.719,0.899,0.829,0.588,0.842,0.728,0.781,0.711,0.684
ToeSegmentation2,0.746,0.885,0.515,0.785,0.862,0.708,0.585,0.8,0.815,0.831,0.862,0.823,0.746,0.792,0.885,0.715,0.338,0.869,0.839,0.908,0.808,0.892,0.908,0.808,0.738,0.8,0.839,0.785,0.631,0.877,0.738,0.854,0.7,0.7,0.7,0.854,0.785,0.923,0.7,0.877,0.877,0.769,0.808,0.846,0.515,0.754,0.761,0.862,0.9,0.338,0.908,0.839,0.839,0.854,0.785
Trace,1.0,0.96,0.77,0.57,0.8,0.79,0.25,0.91,0.86,0.72,1.0,1.0,1.0,0.77,0.96,0.99,0.59,0.99,1.0,0.99,0.76,0.9,0.83,0.76,1.0,1.0,1.0,0.74,0.69,1.0,1.0,0.74,1.0,1.0,1.0,0.76,0.77,0.94,0.28,0.84,0.84,0.93,0.76,0.53,0.82,0.4,0.84,1.0,0.99,0.59,0.9,1.0,1.0,1.0,0.52
TwoLeadECG,0.978,0.931,0.968,0.846,0.849,0.759,0.804,0.715,0.768,0.779,0.904,0.975,0.978,0.798,0.816,0.99,0.847,0.915,0.904,0.868,0.747,0.944,0.939,0.748,0.727,0.838,0.904,0.679,0.729,0.929,0.69,0.515,0.769,0.769,0.773,0.735,0.744,0.978,0.806,0.788,0.788,0.73,0.747,0.623,0.637,0.558,0.712,0.994,0.922,0.847,0.916,0.904,0.904,0.904,0.725
TwoPatterns,1.0,0.999,0.97,0.651,0.48,0.452,0.252,0.595,0.879,0.682,1.0,1.0,1.0,0.907,0.999,0.997,0.387,0.528,1.0,0.999,0.907,0.995,1.0,0.907,0.255,1.0,1.0,1.0,0.204,0.451,0.289,0.999,0.332,0.332,0.329,0.961,0.729,0.945,0.252,0.5,0.5,0.287,0.907,0.338,0.265,0.711,0.621,0.999,1.0,0.387,0.995,1.0,1.0,1.0,0.596
UMD,0.993,0.896,0.986,0.826,0.701,0.632,0.708,0.792,0.861,0.743,0.993,0.993,0.993,0.792,0.882,0.958,0.778,0.882,0.993,0.972,0.764,0.91,0.944,0.764,0.694,0.986,0.993,0.826,0.618,0.75,0.722,0.875,0.701,0.701,0.556,0.868,0.75,0.868,0.715,0.681,0.681,0.583,0.764,0.451,0.5,0.583,0.833,0.993,0.951,0.778,0.903,0.993,0.993,0.993,0.722
UWaveGestureLibraryAll,0.933,0.957,0.603,0.439,0.368,0.875,0.128,0.882,0.94,0.936,0.96,0.963,0.935,0.948,0.957,0.831,0.415,0.698,0.892,0.966,0.948,0.953,0.961,0.948,0.209,0.888,0.952,0.895,0.867,0.609,0.281,0.96,0.284,0.284,0.18,0.954,0.941,0.949,0.224,0.698,0.698,0.281,0.948,0.392,0.168,0.941,0.89,0.942,0.954,0.415,0.877,0.947,0.917,0.947,0.931
UWaveGestureLibraryX,0.786,0.8,0.377,0.262,0.402,0.538,0.125,0.609,0.762,0.744,0.764,0.798,0.779,0.739,0.795,0.668,0.607,0.719,0.728,0.773,0.739,0.747,0.758,0.739,0.353,0.743,0.759,0.662,0.704,0.371,0.41,0.673,0.371,0.371,0.289,0.741,0.736,0.692,0.208,0.444,0.444,0.308,0.739,1.0,0.239,0.634,0.682,0.737,0.776,0.607,0.699,0.763,0.761,0.751,0.64
UWaveGestureLibraryY,0.713,0.717,0.327,0.254,0.284,0.562,0.13,0.566,0.71,0.654,0.691,0.744,0.716,0.662,0.714,0.59,0.417,0.608,0.634,0.699,0.662,0.666,0.689,0.662,0.362,0.628,0.675,0.583,0.626,0.314,0.41,0.592,0.394,0.394,0.329,0.666,0.658,0.666,0.18,0.355,0.355,0.34,0.662,1.0,0.27,0.524,0.597,0.642,0.691,0.417,0.609,0.693,0.667,0.688,0.54
UWaveGestureLibraryZ,0.713,0.742,0.394,0.306,1.0,1.0,0.149,0.593,1.0,1.0,0.679,0.717,0.696,0.649,0.725,0.58,0.552,0.656,0.658,0.678,0.65,0.673,0.685,0.65,1.0,0.644,0.673,0.566,0.612,1.0,1.0,0.625,1.0,1.0,1.0,0.65,0.649,0.661,0.188,1.0,0.445,1.0,1.0,1.0,1.0,1.0,0.613,0.662,0.686,0.552,0.655,0.684,0.675,0.669,1.0
Wafer,0.98,0.995,0.981,0.996,0.989,0.994,0.909,0.993,0.994,0.995,0.995,0.995,0.98,0.995,0.995,0.98,0.991,0.992,0.98,0.996,0.995,0.985,0.991,0.995,0.918,0.976,0.988,0.984,0.984,0.98,0.981,0.995,0.984,0.984,0.991,0.995,0.993,0.993,0.999,0.993,0.993,0.994,0.995,1.0,0.921,0.994,0.992,0.99,0.992,0.991,0.986,0.992,0.98,0.991,0.995
Wine,0.574,0.5,0.426,0.5,0.481,0.537,0.519,0.611,0.611,0.611,0.574,0.574,0.574,0.611,0.5,0.5,0.5,0.5,0.574,0.611,0.611,0.5,0.648,0.611,0.463,0.611,0.574,0.5,0.537,0.463,0.426,0.5,0.37,0.37,0.463,0.648,0.556,0.444,0.5,0.648,0.648,0.519,0.611,0.574,0.5,0.463,0.611,0.463,0.611,0.5,0.759,0.574,0.574,0.574,0.537
WordSynonyms,0.732,0.721,0.533,0.599,0.296,0.592,0.125,0.522,0.643,0.588,0.744,0.76,0.73,0.616,0.726,0.691,0.495,0.682,0.649,0.738,0.618,0.687,0.694,0.618,0.235,0.672,0.682,0.464,0.486,0.371,0.276,0.669,0.23,0.23,0.292,0.635,0.588,0.632,0.122,0.371,0.371,0.306,0.618,0.157,0.237,0.528,0.55,0.74,0.756,0.495,0.644,0.719,0.696,0.694,0.528
Worms,0.584,0.623,0.364,0.429,0.623,0.494,0.429,0.558,0.532,0.506,0.506,0.597,0.584,0.455,0.636,0.662,0.429,0.571,0.584,0.532,0.455,0.597,0.558,0.455,0.714,0.494,0.584,0.39,0.468,0.714,0.714,0.506,0.662,0.662,0.688,0.403,0.494,0.392,0.325,0.558,0.558,0.61,0.455,1.0,0.662,0.532,0.48,0.571,0.571,0.429,0.636,0.584,0.506,0.48,0.455
WormsTwoClass,0.623,0.662,0.506,0.558,0.727,0.662,0.623,0.688,0.61,0.597,0.584,0.584,0.649,0.61,0.74,0.74,0.61,0.766,0.623,0.584,0.61,0.701,0.662,0.61,0.792,0.584,0.636,0.558,0.623,0.779,0.766,0.597,0.74,0.74,0.792,0.571,0.675,0.657,0.597,0.675,0.675,0.636,0.61,1.0,0.753,0.662,0.636,0.727,0.662,0.61,0.688,0.61,0.597,0.636,0.623
Yoga,0.856,0.877,0.682,0.799,0.666,0.835,0.514,0.819,0.836,0.823,0.849,0.859,0.856,0.827,0.85,0.82,0.749,0.85,0.836,0.844,0.83,0.865,0.859,0.83,0.632,0.827,0.839,0.767,0.813,0.747,0.669,0.596,0.585,0.585,0.625,0.829,0.829,0.795,0.51,0.754,0.754,0.68,0.83,0.556,0.604,0.625,0.823,0.883,0.867,0.749,0.845,0.829,0.838,0.836,0.766
